{
  "comfortAskDetected": true,
  "scoreA": 0.11750000000000001,
  "scoreB": 0.09500000000000001,
  "scoreDelta": 0.022499999999999992,
  "sophisticatedBeatsBland": true,
  "ok": true
}
